"propertyId","crawledAt","urlPart"
"8421","1759641783","8421/1759641783.json"
"8421","1759656088","8421/1759656088.json"
"8421","1759672203","8421/1759672203.json"
"8421","1759685097","8421/1759685097.json"
"8421","1759699409","8421/1759699409.json"
"8421","1759721770","8421/1759721770.json"
"8421","1759727045","8421/1759727045.json"
"8421","1759741995","8421/1759741995.json"
"8421","1759759411","8421/1759759411.json"
"8421","1759770623","8421/1759770623.json"
"8421","1759784426","8421/1759784426.json"
"8421","1759894139","8421/1759894139.json"
"8421","1759900087","8421/1759900087.json"
"8421","1759914918","8421/1759914918.json"
"8421","1759932378","8421/1759932378.json"
"8421","1759943503","8421/1759943503.json"
"8421","1759957190","8421/1759957190.json"
"8421","1759980780","8421/1759980780.json"
"8421","1759986415","8421/1759986415.json"
"8421","1760001119","8421/1760001119.json"
"8421","1760018621","8421/1760018621.json"
"8421","1760030340","8421/1760030340.json"
"8421","1760043810","8421/1760043810.json"
"8421","1760067174","8421/1760067174.json"
"8421","1760072645","8421/1760072645.json"
"8421","1760087664","8421/1760087664.json"
"8421","1760104098","8421/1760104098.json"
"8421","1760116293","8421/1760116293.json"
"8421","1760129850","8421/1760129850.json"
"8421","1760153079","8421/1760153079.json"
"8421","1760158946","8421/1760158946.json"
"8421","1760173630","8421/1760173630.json"
"8421","1760189296","8421/1760189296.json"
"8421","1760202080","8421/1760202080.json"
"8421","1760216053","8421/1760216053.json"
"8421","1760240089","8421/1760240089.json"
"8421","1760245166","8421/1760245166.json"
"8421","1760259833","8421/1760259833.json"
"8421","1760275858","8421/1760275858.json"
"8421","1760288797","8421/1760288797.json"
"8421","1760302572","8421/1760302572.json"
"8421","1760327683","8421/1760327683.json"
"8421","1760331925","8421/1760331925.json"
"8421","1760347052","8421/1760347052.json"
"8421","1760364364","8421/1760364364.json"
"8421","1760375636","8421/1760375636.json"
"8421","1760389359","8421/1760389359.json"
"8421","1760412798","8421/1760412798.json"
"8421","1760418299","8421/1760418299.json"
"8421","1760432977","8421/1760432977.json"
"8421","1760450653","8421/1760450653.json"
"8421","1760462072","8421/1760462072.json"
"8421","1760475777","8421/1760475777.json"
"8421","1760499538","8421/1760499538.json"
"8421","1760504834","8421/1760504834.json"
"8421","1760519932","8421/1760519932.json"
"8421","1760537449","8421/1760537449.json"
"8421","1760548401","8421/1760548401.json"
"8421","1760562268","8421/1760562268.json"
"8421","1760672139","8421/1760672139.json"
"8421","1760677553","8421/1760677553.json"
"8421","1760692394","8421/1760692394.json"
"8421","1760758237","8421/1760758237.json"
"8421","1760763973","8421/1760763973.json"
"8421","1760778325","8421/1760778325.json"
"8421","1760794250","8421/1760794250.json"
"8421","1760807388","8421/1760807388.json"
"8421","1760821328","8421/1760821328.json"
"8421","1760850345","8421/1760850345.json"
"8421","1760864573","8421/1760864573.json"
"8421","1760880752","8421/1760880752.json"
"8421","1760893487","8421/1760893487.json"
"8421","1760907580","8421/1760907580.json"
"8421","1760933130","8421/1760933130.json"
"8421","1760937185","8421/1760937185.json"
"8421","1760951644","8421/1760951644.json"
"8421","1760969067","8421/1760969067.json"
"8421","1760980303","8421/1760980303.json"
"8421","1760994425","8421/1760994425.json"
"8421","1761018039","8421/1761018039.json"
"8421","1761023186","8421/1761023186.json"
"8421","1761038472","8421/1761038472.json"
"8421","1761055949","8421/1761055949.json"
"8421","1761066693","8421/1761066693.json"
"8421","1761080798","8421/1761080798.json"
"8421","1761105455","8421/1761105455.json"
"8421","1761109652","8421/1761109652.json"
"8421","1761124816","8421/1761124816.json"
"8421","1761142298","8421/1761142298.json"
"8421","1761153515","8421/1761153515.json"
"8421","1761166912","8421/1761166912.json"
"8421","1761190704","8421/1761190704.json"
"8421","1761196097","8421/1761196097.json"
"8421","1761211157","8421/1761211157.json"
"8421","1761228394","8421/1761228394.json"
"8421","1761239881","8421/1761239881.json"
"8421","1761253421","8421/1761253421.json"
"8421","1761277059","8421/1761277059.json"
"8421","1761282343","8421/1761282343.json"
"8421","1761297655","8421/1761297655.json"
"8421","1761314903","8421/1761314903.json"
"8421","1761325987","8421/1761325987.json"
"8421","1761339674","8421/1761339674.json"
"8421","1761363802","8421/1761363802.json"
"8421","1761368565","8421/1761368565.json"
"8421","1761383079","8421/1761383079.json"
"8421","1761398952","8421/1761398952.json"
"8421","1761411988","8421/1761411988.json"
"8421","1761426061","8421/1761426061.json"
"8421","1761450947","8421/1761450947.json"
"8421","1761454989","8421/1761454989.json"
"8421","1761469357","8421/1761469357.json"
"8421","1761485491","8421/1761485491.json"
"8421","1761498603","8421/1761498603.json"
"8421","1761512548","8421/1761512548.json"
"8421","1761538041","8421/1761538041.json"
"8421","1761542262","8421/1761542262.json"
"8421","1761556613","8421/1761556613.json"
"8421","1761574230","8421/1761574230.json"
"8421","1761585534","8421/1761585534.json"
"8421","1761598934","8421/1761598934.json"
"8421","1761623863","8421/1761623863.json"
"8421","1761628054","8421/1761628054.json"
"8421","1761643125","8421/1761643125.json"
"8421","1761660561","8421/1761660561.json"
"8421","1761672102","8421/1761672102.json"
"8421","1761685688","8421/1761685688.json"
"8421","1761710578","8421/1761710578.json"
"8421","1761714784","8421/1761714784.json"
"8421","1761729673","8421/1761729673.json"
"8421","1761747067","8421/1761747067.json"
"8421","1761758623","8421/1761758623.json"
"8421","1761771935","8421/1761771935.json"
"8421","1761796684","8421/1761796684.json"
"8421","1761801055","8421/1761801055.json"
"8421","1761815761","8421/1761815761.json"
"8421","1761833298","8421/1761833298.json"
"8421","1761844688","8421/1761844688.json"
"8421","1761858270","8421/1761858270.json"
"8421","1761883089","8421/1761883089.json"
"8421","1761887364","8421/1761887364.json"
"8421","1761902117","8421/1761902117.json"
"8421","1761919634","8421/1761919634.json"
"8421","1761930928","8421/1761930928.json"
"8421","1761944663","8421/1761944663.json"
"8421","1761969636","8421/1761969636.json"
"8421","1761973296","8421/1761973296.json"
"8421","1761987898","8421/1761987898.json"
"8421","1762003937","8421/1762003937.json"
"8421","1762016597","8421/1762016597.json"
"8421","1762030543","8421/1762030543.json"
"8421","1762056195","8421/1762056195.json"
"8421","1762058542","8421/1762058542.json"
"8421","1762072837","8421/1762072837.json"
"8421","1762087964","8421/1762087964.json"
"8421","1762101861","8421/1762101861.json"
"8421","1762116224","8421/1762116224.json"
"8421","1762133748","8421/1762133748.json"
"8421","1762145331","8421/1762145331.json"
"8421","1762159659","8421/1762159659.json"
"8421","1762174712","8421/1762174712.json"
"8421","1762188380","8421/1762188380.json"
"8421","1762202774","8421/1762202774.json"
"8421","1762219889","8421/1762219889.json"
"8421","1762231317","8421/1762231317.json"
"8421","1762245983","8421/1762245983.json"
"8421","1762261388","8421/1762261388.json"
"8421","1762275014","8421/1762275014.json"
"8421","1762289343","8421/1762289343.json"
"8421","1762306709","8421/1762306709.json"
"8421","1762317875","8421/1762317875.json"
"8421","1762332932","8421/1762332932.json"
"8421","1762347744","8421/1762347744.json"
"8421","1762361511","8421/1762361511.json"
"8421","1762375442","8421/1762375442.json"
"8421","1762392854","8421/1762392854.json"
"8421","1762404434","8421/1762404434.json"
"8421","1762419052","8421/1762419052.json"
"8421","1762433889","8421/1762433889.json"
"8421","1762447844","8421/1762447844.json"
"8421","1762461762","8421/1762461762.json"
"8421","1762479407","8421/1762479407.json"
"8421","1762490671","8421/1762490671.json"
"8421","1762505237","8421/1762505237.json"
"8421","1762520083","8421/1762520083.json"
"8421","1762533960","8421/1762533960.json"
"8421","1762548347","8421/1762548347.json"
"8421","1762565592","8421/1762565592.json"
"8421","1762577167","8421/1762577167.json"
"8421","1762591402","8421/1762591402.json"
"8421","1762606352","8421/1762606352.json"
"8421","1762620290","8421/1762620290.json"
"8421","1762634710","8421/1762634710.json"
"8421","1762652295","8421/1762652295.json"
"8421","1762663417","8421/1762663417.json"
"8421","1762677822","8421/1762677822.json"
"8421","1762693008","8421/1762693008.json"
"8421","1762706598","8421/1762706598.json"
"8421","1762720926","8421/1762720926.json"
"8421","1762738734","8421/1762738734.json"
"8421","1762750411","8421/1762750411.json"
"8421","1762764796","8421/1762764796.json"
"8421","1762779567","8421/1762779567.json"
"8421","1762793271","8421/1762793271.json"
"8421","1762807550","8421/1762807550.json"
"8421","1762824897","8421/1762824897.json"
"8421","1762836348","8421/1762836348.json"
"8421","1762851101","8421/1762851101.json"
"8421","1762866099","8421/1762866099.json"
"8421","1762879679","8421/1762879679.json"
